[{"id":1,"first_name":"Marlow","last_name":"Joul","email":"mjoul0@google.com","gender":"Male"},
{"id":2,"first_name":"Sharron","last_name":"Veryan","email":"sveryan1@cnbc.com","gender":"Female"},
{"id":3,"first_name":"Tildie","last_name":"Lasseter","email":"tlasseter2@fda.gov","gender":"Female"},
{"id":4,"first_name":"Haywood","last_name":"Foulger","email":"hfoulger3@soup.io","gender":"Male"},
{"id":5,"first_name":"Alvin","last_name":"Rochelle","email":"arochelle4@cmu.edu","gender":"Male"},
{"id":6,"first_name":"Ernestus","last_name":"Stennett","email":"estennett5@independent.co.uk","gender":"Male"},
{"id":7,"first_name":"Osbert","last_name":"Boggish","email":"oboggish6@dot.gov","gender":"Male"},
{"id":8,"first_name":"Collie","last_name":"Gerritsma","email":"cgerritsma7@weibo.com","gender":"Female"},
{"id":9,"first_name":"Cathy","last_name":"Winsor","email":"cwinsor8@ow.ly","gender":"Female"},
{"id":10,"first_name":"Ettore","last_name":"McVitie","email":"emcvitie9@yellowbook.com","gender":"Male"},
{"id":11,"first_name":"Angele","last_name":"Stuckford","email":"astuckforda@baidu.com","gender":"Female"},
{"id":12,"first_name":"Jarib","last_name":"Demkowicz","email":"jdemkowiczb@xrea.com","gender":"Male"},
{"id":13,"first_name":"Noam","last_name":"Wycliffe","email":"nwycliffec@spotify.com","gender":"Male"},
{"id":14,"first_name":"Matthieu","last_name":"Hullot","email":"mhullotd@istockphoto.com","gender":"Male"},
{"id":15,"first_name":"Herold","last_name":"Jerams","email":"hjeramse@nature.com","gender":"Male"},
{"id":16,"first_name":"Aarika","last_name":"Folbig","email":"afolbigf@ustream.tv","gender":"Female"},
{"id":17,"first_name":"Fields","last_name":"Lawson","email":"flawsong@istockphoto.com","gender":"Male"},
{"id":18,"first_name":"Ralph","last_name":"De-Ville","email":"rdevilleh@google.fr","gender":"Male"},
{"id":19,"first_name":"Travis","last_name":"Vasyunin","email":"tvasyunini@dagondesign.com","gender":"Male"},
{"id":20,"first_name":"Caril","last_name":"MacMeekan","email":"cmacmeekanj@desdev.cn","gender":"Female"},
{"id":21,"first_name":"Shayna","last_name":"Copin","email":"scopink@redcross.org","gender":"Female"},
{"id":22,"first_name":"Tessa","last_name":"Cavee","email":"tcaveel@yale.edu","gender":"Female"},
{"id":23,"first_name":"Webster","last_name":"Matelyunas","email":"wmatelyunasm@163.com","gender":"Male"},
{"id":24,"first_name":"Kerwin","last_name":"Rennock","email":"krennockn@wikipedia.org","gender":"Male"},
{"id":25,"first_name":"Bogart","last_name":"Halfacree","email":"bhalfacreeo@dedecms.com","gender":"Male"},
{"id":26,"first_name":"Sher","last_name":"Scorton","email":"sscortonp@epa.gov","gender":"Female"},
{"id":27,"first_name":"Emilia","last_name":"Fischer","email":"efischerq@wisc.edu","gender":"Female"},
{"id":28,"first_name":"Charmine","last_name":"Joll","email":"cjollr@ca.gov","gender":"Female"},
{"id":29,"first_name":"Kennett","last_name":"Bateman","email":"kbatemans@mashable.com","gender":"Male"},
{"id":30,"first_name":"Gottfried","last_name":"Jerrams","email":"gjerramst@tinyurl.com","gender":"Male"}]